{
  "general": {
    "customInventory": true,
    "prototype_pack_extraction": true,
    "animated_pack_extraction": true,
    "modified_pack_server_kick": true,
    "drop_extra_slots_on_death": true
  },
  "shots": {
    "shot_break_glass": false,
    "knockback_entity_damage": false,
    "maxShooterPing": 1000.0
  },
  "guns": {
    "guns_interaction_hand": true,
    "anim_guns_show_default_objects": [
      "ammoModel",
      "leftArmModel",
      "leftArmLayerModel",
      "leftArmSlimModel",
      "leftArmLayerSlimModel",
      "rightArmModel",
      "rightArmLayerModel",
      "rightArmSlimModel",
      "rightArmLayerSlimModel",
      "flashModel",
      "sprint_righthand",
      "sprint_lefthand",
      "selector_semi",
      "selector_full",
      "selector_brust",
      "bulletModel"
    ]
  },
  "drops": {
    "advanced_drops_models": true,
    "drops_despawn_time": 120,
    "advanced_drops_models_everything": false
  },
  "hud": {
    "hitmarkers": true,
    "enable_crosshair": true,
    "dynamic_crosshair": true,
    "ammo_count": true,
    "snap_fade_hit": true,
    "isDynamicFov": false,
    "ads_blur": false,
    "handDepthRange": 0.7,
    "eraseScopeDepth": 1.0,
    "shadersColorTexID": 0
  },
  "walks_sounds": {
    "walk_sounds": true,
    "volume": 0.3
  },
  "casings_drops": {
    "despawn_time": 10
  },
  "killFeed": {
    "enableKillFeed": true,
    "sendDefaultKillMessage": false,
    "messageDuration": 10,
    "messageList": [
      "\u0026a{killer} \u0026dkilled \u0026c{victim}",
      "\u0026a{killer} \u0026fdestroyed \u0026c{victim}",
      "\u0026a{killer} \u0026fshot \u0026c{victim}"
    ]
  },
  "model_optimization": true,
  "debug_hits_message": false,
  "dev_mode": true,
  "version": "2.4.2f"
}