{
  "minecraft:recipes/redstone/wooden_button": {
    "criteria": {
      "has_planks": "2025-01-11 16:29:26 -0600"
    },
    "done": true
  },
  "minecraft:recipes/building_blocks/acacia_planks": {
    "criteria": {
      "has_log2": "2025-01-11 16:29:26 -0600"
    },
    "done": true
  },
  "mts:wrench": {
    "criteria": {
      "has_wrench": "2025-01-11 17:03:47 -0600"
    },
    "done": true
  },
  "mts:jerrycan": {
    "criteria": {
      "has_jerrycan": "2025-01-11 16:58:44 -0600"
    },
    "done": true
  },
  "minecraft:recipes/building_blocks/dark_oak_planks": {
    "criteria": {
      "has_log2": "2025-01-11 16:29:26 -0600"
    },
    "done": true
  },
  "biomesoplenty:recipes/decorations/crafting_table_from_bop_wood": {
    "criteria": {
      "has_the_recipe": "2025-01-11 16:29:26 -0600"
    },
    "done": true
  },
  "minecraft:recipes/building_blocks/oak_wooden_slab": {
    "criteria": {
      "has_planks": "2025-01-11 16:29:26 -0600"
    },
    "done": true
  },
  "minecraft:recipes/decorations/fence": {
    "criteria": {
      "has_planks": "2025-01-11 16:29:26 -0600"
    },
    "done": true
  },
  "biomesoplenty:recipes/redstone/trapdoor_from_bop_wood": {
    "criteria": {
      "has_the_recipe": "2025-01-11 16:29:26 -0600"
    },
    "done": true
  },
  "biomesoplenty:biomesoplenty/all_biomes": {
    "criteria": {
      "wasteland": "2025-01-11 16:32:37 -0600",
      "dead_forest": "2025-01-11 16:34:56 -0600",
      "gravel_beach": "2025-01-11 16:29:14 -0600"
    },
    "done": false
  },
  "biomesoplenty:recipes/redstone/wooden_button_from_bop_wood": {
    "criteria": {
      "has_the_recipe": "2025-01-11 16:29:26 -0600"
    },
    "done": true
  },
  "biomesoplenty:recipes/decorations/sign_from_bop_wood": {
    "criteria": {
      "has_the_recipe": "2025-01-11 16:29:26 -0600"
    },
    "done": true
  },
  "minecraft:recipes/decorations/crafting_table": {
    "criteria": {
      "has_planks": "2025-01-11 16:29:26 -0600"
    },
    "done": true
  },
  "minecraft:story/lava_bucket": {
    "criteria": {
      "lava_bucket": "2025-01-11 16:51:52 -0600"
    },
    "done": true
  },
  "unuparts:fueled_by_unu": {
    "criteria": {
      "has_unuparts_fuelpump_unu_standard": "2025-01-11 16:46:54 -0600"
    },
    "done": true
  },
  "minecraft:recipes/redstone/trapdoor": {
    "criteria": {
      "has_planks": "2025-01-11 16:29:26 -0600"
    },
    "done": true
  },
  "minecraft:recipes/decorations/chest": {
    "criteria": {
      "has_lots_of_items": "2025-01-11 16:33:59 -0600"
    },
    "done": true
  },
  "minecraft:recipes/building_blocks/oak_stairs": {
    "criteria": {
      "has_planks": "2025-01-11 16:29:26 -0600"
    },
    "done": true
  },
  "minecraft:recipes/redstone/fence_gate": {
    "criteria": {
      "has_planks": "2025-01-11 16:29:26 -0600"
    },
    "done": true
  },
  "unumilitary:quality_military_vehicles": {
    "criteria": {
      "vehicle_unu_mule_halftrack_forrest": "2025-01-11 16:31:24 -0600"
    },
    "done": true
  },
  "minecraft:recipes/redstone/wooden_pressure_plate": {
    "criteria": {
      "has_planks": "2025-01-11 16:29:26 -0600"
    },
    "done": true
  },
  "minecraft:recipes/misc/stick": {
    "criteria": {
      "has_planks": "2025-01-11 16:29:26 -0600"
    },
    "done": true
  },
  "minecraft:recipes/redstone/wooden_door": {
    "criteria": {
      "has_planks": "2025-01-11 16:29:26 -0600"
    },
    "done": true
  },
  "minecraft:recipes/decorations/sign": {
    "criteria": {
      "has_planks": "2025-01-11 16:29:26 -0600"
    },
    "done": true
  },
  "unumilitary:time_to_invade": {
    "criteria": {
      "fuelpump_unu_standard": "2025-01-11 16:46:54 -0600"
    },
    "done": true
  },
  "biomesoplenty:recipes/redstone/wooden_pressure_plate_from_bop_wood": {
    "criteria": {
      "has_the_recipe": "2025-01-11 16:29:26 -0600"
    },
    "done": true
  }
}