{
    "minecraft": {
        "": {}
    },
    "mcp": {
        "": {}
    },
    "FML": {
        "": {}
    },
    "forge": {
        "": {}
    },
    "creativecoredummy": {
        "": {}
    },
    "actuallyadditions": {
        "": {}
    },
    "biomesoplenty": {
        "": {}
    },
    "creativecore": {
        "": {}
    },
    "customnpcs": {
        "": {}
    },
    "enhancedvisuals": {
        "": {}
    },
    "flansmod": {
        "": {}
    },
    "icbmclassic": {
        "": {}
    },
    "mts": {
        "": {}
    },
    "jei": {
        "": {}
    },
    "lostcities": {
        "": {}
    },
    "mcgltf": {
        "": {}
    },
    "mclib": {
        "": {}
    },
    "modernweaponspack": {
        "": {}
    },
    "modularmovements": {
        "": {}
    },
    "modularwarfare": {
        "": {}
    },
    "simplepartspack": {
        "": {}
    },
    "unuparts": {
        "": {}
    },
    "unumilitary": {
        "": {}
    },
    "immersiveengineering": {
        "": {}
    },
    "": {
        "": {}
    }
}