{"stat.chestOpened":1,"stat.walkOneCm":68327,"stat.useItem.mts.unumilitary.unumilitary_vehicle_unu_wolf_base_forrestcamo":2,"stat.useItem.mts.unuparts.unuparts_part_unu_barrel_jerrycan":1,"stat.useItem.mts.unumilitary.unumilitary_plane_unu_aurornis":4,"stat.useItem.mts.unumilitary.unumilitary_trailer_unu_wolf_generator_forrest":1,"stat.useItem.mts.unumilitary.unumilitary_vehicle_unu_mule_halftrack_forrest":1,"stat.leaveGame":1,"stat.pickup.mts.unumilitary.unumilitary_part_unu_flag_convoy_commander":1,"stat.useItem.mts.unuparts.unuparts_part_unu_luggage_2_tool":1,"stat.useItem.minecraft.lava_bucket":11,"stat.pickup.mts.unuparts.unuparts_part_unu_engine_j34200tj":1,"stat.drop.minecraft.lava_bucket":1,"stat.pickup.mts.unuparts.unuparts_part_unu_barrel_jerrycan":1,"stat.useItem.mts.auweschveb.auweschveb_vehicle_volgohod_red":1,"stat.pickup.mts.unuparts.unuparts_part_unu_barrel_jerrycan_winter":1,"stat.drop.forge.bucketfilled":1,"stat.flyOneCm":82728,"stat.drop":11,"stat.jump":89,"stat.swimOneCm":3134,"stat.playOneMinute":52688,"stat.fallOneCm":1254,"stat.useItem.mts.auweschveb.auweschveb_vehicle_w50_gap":1,"stat.sneakTime":542,"stat.damageDealt":55,"stat.drop.minecraft.bucket":1,"stat.crouchOneCm":934,"stat.timeSinceDeath":52688,"stat.useItem.mts.unumilitary.unumilitary_vehicle_unu_ferret_winter":1,"stat.useItem.mts.unumilitary.unumilitary_vehicle_unu_wolf_base_winter":1,"stat.drop.mts.unuparts.unuparts_part_unu_barrel_jerrycan_winter":4,"stat.sprintOneCm":59018,"stat.useItem.minecraft.stone_slab2":36,"stat.drop.mts.unuparts.unuparts_part_unu_engine_j34200tj":1,"stat.drop.mts.mts.jerrycan":1,"stat.drop.mts.unuparts.unuparts_part_unu_barrel_jerrycan":2}